,mine_id,UF,distance_km,number_of_fish,number_of_species,mine_type,mean_value,mean_number,mean_carnivorous_value,mean_carnivorous_number,mean_non_carnivorous_value,mean_non_carnivorous_number
4,48,Maraã (AM),588.1371115606469,48,15,Illegal,0.12,0.12,0.33,6,0.1,42
14,61,Maraã (AM),590.9482297514309,48,15,Illegal,0.12,0.12,0.33,6,0.1,42
24,66,Maraã (AM),560.4120516318354,48,15,Illegal,0.12,0.12,0.33,6,0.1,42
34,67,Maraã (AM),567.813190408661,48,15,Illegal,0.12,0.12,0.33,6,0.1,42
44,68,Maraã (AM),571.267421803719,48,15,Illegal,0.12,0.12,0.33,6,0.1,42
54,69,Maraã (AM),570.7350378928553,48,15,Illegal,0.12,0.12,0.33,6,0.1,42
65,72,Oiapoque (AP),145.8180958530922,41,12,Illegal,0.19,0.28,0.25,32,0.0,9
74,74,Maraã (AM),567.026955418561,48,15,Illegal,0.12,0.12,0.33,6,0.1,42
84,77,Maraã (AM),561.623004990267,48,15,Illegal,0.12,0.12,0.33,6,0.1,42
95,78,Oiapoque (AP),154.4578074026808,41,12,Illegal,0.19,0.28,0.25,32,0.0,9
104,80,Maraã (AM),532.6385096446493,48,15,Illegal,0.12,0.12,0.33,6,0.1,42
112,116,Macapá (AP),295.49212027340815,73,25,Illegal,0.17,0.24,0.28,42,0.03,31
122,117,Macapá (AP),300.10976599681163,73,25,Illegal,0.17,0.24,0.28,42,0.03,31
132,120,Macapá (AP),302.3621546229748,73,25,Illegal,0.17,0.24,0.28,42,0.03,31
142,121,Macapá (AP),309.3160855657061,73,25,Illegal,0.17,0.24,0.28,42,0.03,31
152,123,Macapá (AP),314.57040701475785,73,25,Illegal,0.17,0.24,0.28,42,0.03,31
162,126,Macapá (AP),242.94809312085775,73,25,Illegal,0.17,0.24,0.28,42,0.03,31
172,127,Macapá (AP),244.09778904723288,73,25,Illegal,0.17,0.24,0.28,42,0.03,31
182,129,Macapá (AP),234.4727933288127,73,25,Illegal,0.17,0.24,0.28,42,0.03,31
192,130,Macapá (AP),265.2323814768626,73,25,Illegal,0.17,0.24,0.28,42,0.03,31
202,131,Macapá (AP),247.59936902155377,73,25,Illegal,0.17,0.24,0.28,42,0.03,31
212,133,Macapá (AP),246.50168581293096,73,25,Illegal,0.17,0.24,0.28,42,0.03,31
222,134,Macapá (AP),243.400366500458,73,25,Illegal,0.17,0.24,0.28,42,0.03,31
232,135,Macapá (AP),234.48046343032823,73,25,Illegal,0.17,0.24,0.28,42,0.03,31
242,137,Macapá (AP),259.52817706675035,73,25,Illegal,0.17,0.24,0.28,42,0.03,31
252,138,Macapá (AP),229.9862907798283,73,25,Illegal,0.17,0.24,0.28,42,0.03,31
262,139,Macapá (AP),251.64491213695155,73,25,Illegal,0.17,0.24,0.28,42,0.03,31
272,140,Macapá (AP),242.2838334234517,73,25,Illegal,0.17,0.24,0.28,42,0.03,31
282,141,Macapá (AP),252.02535093816257,73,25,Illegal,0.17,0.24,0.28,42,0.03,31
292,142,Macapá (AP),254.7867710038297,73,25,Illegal,0.17,0.24,0.28,42,0.03,31
302,143,Macapá (AP),247.70449386397607,73,25,Illegal,0.17,0.24,0.28,42,0.03,31
312,149,Macapá (AP),232.9532490609027,73,25,Illegal,0.17,0.24,0.28,42,0.03,31
322,151,Macapá (AP),226.6253935661914,73,25,Illegal,0.17,0.24,0.28,42,0.03,31
332,152,Macapá (AP),225.28232680726236,73,25,Illegal,0.17,0.24,0.28,42,0.03,31
342,153,Macapá (AP),210.32172167970623,73,25,Illegal,0.17,0.24,0.28,42,0.03,31
352,155,Macapá (AP),220.60230175021914,73,25,Illegal,0.17,0.24,0.28,42,0.03,31
362,156,Macapá (AP),203.08389737069214,73,25,Illegal,0.17,0.24,0.28,42,0.03,31
371,336,Itaituba (PA),174.081632212749,71,24,Illegal,0.29,0.39,0.65,26,0.08,45
381,337,Itaituba (PA),173.95739200979608,71,24,Illegal,0.29,0.39,0.65,26,0.08,45
391,338,Itaituba (PA),174.50736662272155,71,24,Illegal,0.29,0.39,0.65,26,0.08,45
401,344,Itaituba (PA),183.3006979063689,71,24,Illegal,0.29,0.39,0.65,26,0.08,45
411,345,Itaituba (PA),174.29838764682498,71,24,Illegal,0.29,0.39,0.65,26,0.08,45
421,347,Itaituba (PA),188.1155860637405,71,24,Illegal,0.29,0.39,0.65,26,0.08,45
431,349,Itaituba (PA),178.92128249469354,71,24,Illegal,0.29,0.39,0.65,26,0.08,45
441,350,Itaituba (PA),145.02368023329464,71,24,Illegal,0.29,0.39,0.65,26,0.08,45
451,352,Itaituba (PA),183.78006337265597,71,24,Illegal,0.29,0.39,0.65,26,0.08,45
461,353,Itaituba (PA),181.65628790092032,71,24,Illegal,0.29,0.39,0.65,26,0.08,45
471,354,Itaituba (PA),142.28604220664698,71,24,Illegal,0.29,0.39,0.65,26,0.08,45
481,355,Itaituba (PA),185.01208184103345,71,24,Illegal,0.29,0.39,0.65,26,0.08,45
491,357,Itaituba (PA),190.40365075999227,71,24,Illegal,0.29,0.39,0.65,26,0.08,45
501,358,Itaituba (PA),188.83512524282474,71,24,Illegal,0.29,0.39,0.65,26,0.08,45
511,361,Itaituba (PA),199.00643057916042,71,24,Illegal,0.29,0.39,0.65,26,0.08,45
521,362,Itaituba (PA),194.46592265945065,71,24,Illegal,0.29,0.39,0.65,26,0.08,45
531,363,Itaituba (PA),196.7560216234916,71,24,Illegal,0.29,0.39,0.65,26,0.08,45
541,364,Itaituba (PA),164.21421835682506,71,24,Illegal,0.29,0.39,0.65,26,0.08,45
551,365,Itaituba (PA),182.9325090372874,71,24,Illegal,0.29,0.39,0.65,26,0.08,45
561,367,Itaituba (PA),192.45780141968424,71,24,Illegal,0.29,0.39,0.65,26,0.08,45
571,368,Itaituba (PA),196.12113706448548,71,24,Illegal,0.29,0.39,0.65,26,0.08,45
581,369,Itaituba (PA),185.68308078575052,71,24,Illegal,0.29,0.39,0.65,26,0.08,45
591,371,Itaituba (PA),205.86239583549843,71,24,Illegal,0.29,0.39,0.65,26,0.08,45
601,372,Itaituba (PA),129.83227858445875,71,24,Illegal,0.29,0.39,0.65,26,0.08,45
611,375,Itaituba (PA),139.00741707681684,71,24,Illegal,0.29,0.39,0.65,26,0.08,45
621,379,Itaituba (PA),176.79126379018925,71,24,Illegal,0.29,0.39,0.65,26,0.08,45
631,380,Itaituba (PA),150.24636766862687,71,24,Illegal,0.29,0.39,0.65,26,0.08,45
641,381,Itaituba (PA),147.8863809963317,71,24,Illegal,0.29,0.39,0.65,26,0.08,45
651,382,Itaituba (PA),142.3243792903782,71,24,Illegal,0.29,0.39,0.65,26,0.08,45
661,385,Itaituba (PA),127.39039040993447,71,24,Illegal,0.29,0.39,0.65,26,0.08,45
671,386,Itaituba (PA),192.68648464735696,71,24,Illegal,0.29,0.39,0.65,26,0.08,45
681,387,Itaituba (PA),153.18757669709382,71,24,Illegal,0.29,0.39,0.65,26,0.08,45
691,390,Itaituba (PA),256.5110700641582,71,24,Illegal,0.29,0.39,0.65,26,0.08,45
701,391,Itaituba (PA),164.09866334140705,71,24,Illegal,0.29,0.39,0.65,26,0.08,45
711,394,Itaituba (PA),226.15003506532454,71,24,Illegal,0.29,0.39,0.65,26,0.08,45
721,396,Itaituba (PA),192.28829111078147,71,24,Illegal,0.29,0.39,0.65,26,0.08,45
731,399,Itaituba (PA),186.7017637409001,71,24,Illegal,0.29,0.39,0.65,26,0.08,45
741,404,Itaituba (PA),198.0389338255131,71,24,Illegal,0.29,0.39,0.65,26,0.08,45
750,405,Altamira (PA),263.13509420730094,43,13,Illegal,0.3,0.37,0.46,25,0.08,18
761,407,Itaituba (PA),163.25094622406635,71,24,Illegal,0.29,0.39,0.65,26,0.08,45
771,408,Itaituba (PA),206.28761575942067,71,24,Illegal,0.29,0.39,0.65,26,0.08,45
781,409,Itaituba (PA),230.65930848850482,71,24,Illegal,0.29,0.39,0.65,26,0.08,45
791,411,Itaituba (PA),266.9680666986554,71,24,Illegal,0.29,0.39,0.65,26,0.08,45
800,413,Altamira (PA),265.6310913583568,43,13,Illegal,0.3,0.37,0.46,25,0.08,18
811,414,Itaituba (PA),168.97661738114923,71,24,Illegal,0.29,0.39,0.65,26,0.08,45
821,415,Itaituba (PA),168.50359583320477,71,24,Illegal,0.29,0.39,0.65,26,0.08,45
831,417,Itaituba (PA),279.82198661941993,71,24,Illegal,0.29,0.39,0.65,26,0.08,45
841,419,Itaituba (PA),167.58091626731976,71,24,Illegal,0.29,0.39,0.65,26,0.08,45
851,420,Itaituba (PA),170.14350000423207,71,24,Illegal,0.29,0.39,0.65,26,0.08,45
861,421,Itaituba (PA),276.5059382720086,71,24,Illegal,0.29,0.39,0.65,26,0.08,45
871,422,Itaituba (PA),185.80744205454587,71,24,Illegal,0.29,0.39,0.65,26,0.08,45
880,423,Altamira (PA),293.6368134201409,43,13,Illegal,0.3,0.37,0.46,25,0.08,18
891,424,Itaituba (PA),174.5913032896412,71,24,Illegal,0.29,0.39,0.65,26,0.08,45
901,425,Itaituba (PA),183.3698641036604,71,24,Illegal,0.29,0.39,0.65,26,0.08,45
910,426,Altamira (PA),280.16994271181863,43,13,Illegal,0.3,0.37,0.46,25,0.08,18
920,429,Altamira (PA),291.13132781275465,43,13,Illegal,0.3,0.37,0.46,25,0.08,18
931,432,Itaituba (PA),280.84432478720095,71,24,Illegal,0.29,0.39,0.65,26,0.08,45
941,433,Itaituba (PA),174.03376802415386,71,24,Illegal,0.29,0.39,0.65,26,0.08,45
951,438,Itaituba (PA),188.67293104053653,71,24,Illegal,0.29,0.39,0.65,26,0.08,45
960,440,Altamira (PA),304.36099070316726,43,13,Illegal,0.3,0.37,0.46,25,0.08,18
971,441,Itaituba (PA),186.266679870204,71,24,Illegal,0.29,0.39,0.65,26,0.08,45
981,442,Itaituba (PA),178.1797394335329,71,24,Illegal,0.29,0.39,0.65,26,0.08,45
991,445,Itaituba (PA),278.6145827531139,71,24,Illegal,0.29,0.39,0.65,26,0.08,45
1001,447,Itaituba (PA),191.29426918132663,71,24,Illegal,0.29,0.39,0.65,26,0.08,45
1011,448,Itaituba (PA),280.782062908918,71,24,Illegal,0.29,0.39,0.65,26,0.08,45
1021,449,Itaituba (PA),290.9955888273996,71,24,Illegal,0.29,0.39,0.65,26,0.08,45
1031,450,Itaituba (PA),176.98700361406642,71,24,Illegal,0.29,0.39,0.65,26,0.08,45
1040,451,Altamira (PA),306.97172204477334,43,13,Illegal,0.3,0.37,0.46,25,0.08,18
1051,453,Itaituba (PA),181.44627867726788,71,24,Illegal,0.29,0.39,0.65,26,0.08,45
1061,454,Itaituba (PA),191.2299775859028,71,24,Illegal,0.29,0.39,0.65,26,0.08,45
1071,457,Itaituba (PA),187.9773055056452,71,24,Illegal,0.29,0.39,0.65,26,0.08,45
1081,460,Itaituba (PA),189.30998081236433,71,24,Illegal,0.29,0.39,0.65,26,0.08,45
1091,461,Itaituba (PA),189.61998250440092,71,24,Illegal,0.29,0.39,0.65,26,0.08,45
1101,465,Itaituba (PA),315.1644871453859,71,24,Illegal,0.29,0.39,0.65,26,0.08,45
1111,466,Itaituba (PA),193.5819508531325,71,24,Illegal,0.29,0.39,0.65,26,0.08,45
1121,468,Itaituba (PA),201.85953225878137,71,24,Illegal,0.29,0.39,0.65,26,0.08,45
1131,469,Itaituba (PA),203.84830180325457,71,24,Illegal,0.29,0.39,0.65,26,0.08,45
1141,470,Itaituba (PA),206.17771338670528,71,24,Illegal,0.29,0.39,0.65,26,0.08,45
1151,471,Itaituba (PA),307.51542130723516,71,24,Illegal,0.29,0.39,0.65,26,0.08,45
1161,472,Itaituba (PA),288.89309044540516,71,24,Illegal,0.29,0.39,0.65,26,0.08,45
1171,473,Itaituba (PA),317.7544803185126,71,24,Illegal,0.29,0.39,0.65,26,0.08,45
1181,476,Itaituba (PA),214.99618727467725,71,24,Illegal,0.29,0.39,0.65,26,0.08,45
1191,478,Itaituba (PA),204.6937107700873,71,24,Illegal,0.29,0.39,0.65,26,0.08,45
1200,479,Altamira (PA),314.7390603930646,43,13,Illegal,0.3,0.37,0.46,25,0.08,18
1211,480,Itaituba (PA),202.0617517339739,71,24,Illegal,0.29,0.39,0.65,26,0.08,45
1221,482,Itaituba (PA),205.70882276649823,71,24,Illegal,0.29,0.39,0.65,26,0.08,45
1230,483,Altamira (PA),318.78588703078634,43,13,Illegal,0.3,0.37,0.46,25,0.08,18
1241,484,Itaituba (PA),317.7995936955152,71,24,Illegal,0.29,0.39,0.65,26,0.08,45
1251,487,Itaituba (PA),325.758917292809,71,24,Illegal,0.29,0.39,0.65,26,0.08,45
1261,488,Itaituba (PA),204.64392666469718,71,24,Illegal,0.29,0.39,0.65,26,0.08,45
1271,489,Itaituba (PA),210.24677011775918,71,24,Illegal,0.29,0.39,0.65,26,0.08,45
1281,490,Itaituba (PA),206.49661115371978,71,24,Illegal,0.29,0.39,0.65,26,0.08,45
1291,495,Itaituba (PA),210.98834768704927,71,24,Illegal,0.29,0.39,0.65,26,0.08,45
1301,496,Itaituba (PA),210.50492748557105,71,24,Illegal,0.29,0.39,0.65,26,0.08,45
1311,497,Itaituba (PA),214.9919193536897,71,24,Illegal,0.29,0.39,0.65,26,0.08,45
1321,499,Itaituba (PA),214.87136477454425,71,24,Illegal,0.29,0.39,0.65,26,0.08,45
1330,504,Altamira (PA),328.2252317507419,43,13,Illegal,0.3,0.37,0.46,25,0.08,18
1341,505,Itaituba (PA),213.62983187604965,71,24,Illegal,0.29,0.39,0.65,26,0.08,45
1351,508,Itaituba (PA),212.14703113857638,71,24,Illegal,0.29,0.39,0.65,26,0.08,45
1361,509,Itaituba (PA),218.8990295934803,71,24,Illegal,0.29,0.39,0.65,26,0.08,45
1371,510,Itaituba (PA),347.87463058309925,71,24,Illegal,0.29,0.39,0.65,26,0.08,45
1381,511,Itaituba (PA),218.4916868674075,71,24,Illegal,0.29,0.39,0.65,26,0.08,45
1391,512,Itaituba (PA),264.81730618457595,71,24,Illegal,0.29,0.39,0.65,26,0.08,45
1401,515,Itaituba (PA),223.89769444629607,71,24,Illegal,0.29,0.39,0.65,26,0.08,45
1411,516,Itaituba (PA),219.12342200945466,71,24,Illegal,0.29,0.39,0.65,26,0.08,45
1420,520,Altamira (PA),350.3332701907169,43,13,Illegal,0.3,0.37,0.46,25,0.08,18
1431,524,Itaituba (PA),232.5438016435249,71,24,Illegal,0.29,0.39,0.65,26,0.08,45
1441,525,Itaituba (PA),304.0829770823112,71,24,Illegal,0.29,0.39,0.65,26,0.08,45
1450,527,Altamira (PA),344.2228798233974,43,13,Illegal,0.3,0.37,0.46,25,0.08,18
1460,529,Altamira (PA),345.67971818841113,43,13,Illegal,0.3,0.37,0.46,25,0.08,18
1471,532,Itaituba (PA),272.4867617165779,71,24,Illegal,0.29,0.39,0.65,26,0.08,45
1481,535,Itaituba (PA),341.6921357336131,71,24,Illegal,0.29,0.39,0.65,26,0.08,45
1491,536,Itaituba (PA),238.00213663003268,71,24,Illegal,0.29,0.39,0.65,26,0.08,45
1500,537,Altamira (PA),354.29425377139364,43,13,Illegal,0.3,0.37,0.46,25,0.08,18
1511,541,Itaituba (PA),238.70284567702817,71,24,Illegal,0.29,0.39,0.65,26,0.08,45
1521,552,Itaituba (PA),251.6914182603051,71,24,Illegal,0.29,0.39,0.65,26,0.08,45
1531,555,Itaituba (PA),305.69987961897067,71,24,Illegal,0.29,0.39,0.65,26,0.08,45
1543,559,Manaus (AM),380.9852911548193,51,18,Illegal,0.42,0.53,0.85,21,0.12,30
1551,561,Itaituba (PA),261.43292512567433,71,24,Illegal,0.29,0.39,0.65,26,0.08,45
1561,565,Itaituba (PA),266.67039697670697,71,24,Illegal,0.29,0.39,0.65,26,0.08,45
1571,567,Itaituba (PA),272.20757756846945,71,24,Illegal,0.29,0.39,0.65,26,0.08,45
1581,571,Itaituba (PA),320.39382114561647,71,24,Illegal,0.29,0.39,0.65,26,0.08,45
1591,573,Itaituba (PA),266.7076287969525,71,24,Illegal,0.29,0.39,0.65,26,0.08,45
1601,576,Itaituba (PA),282.80179314902705,71,24,Illegal,0.29,0.39,0.65,26,0.08,45
1611,577,Itaituba (PA),271.7407732242985,71,24,Illegal,0.29,0.39,0.65,26,0.08,45
1621,581,Itaituba (PA),288.4719899335572,71,24,Illegal,0.29,0.39,0.65,26,0.08,45
1631,582,Itaituba (PA),283.07301151521756,71,24,Illegal,0.29,0.39,0.65,26,0.08,45
1641,583,Itaituba (PA),329.41051872500043,71,24,Illegal,0.29,0.39,0.65,26,0.08,45
1651,585,Itaituba (PA),335.6604976717021,71,24,Illegal,0.29,0.39,0.65,26,0.08,45
1661,587,Itaituba (PA),326.46592922053327,71,24,Illegal,0.29,0.39,0.65,26,0.08,45
1671,588,Itaituba (PA),292.73639851583573,71,24,Illegal,0.29,0.39,0.65,26,0.08,45
1681,590,Itaituba (PA),338.7456380712598,71,24,Illegal,0.29,0.39,0.65,26,0.08,45
1691,592,Itaituba (PA),290.048879817243,71,24,Illegal,0.29,0.39,0.65,26,0.08,45
1700,593,Altamira (PA),405.386687870998,43,13,Illegal,0.3,0.37,0.46,25,0.08,18
1711,596,Itaituba (PA),339.49686004540825,71,24,Illegal,0.29,0.39,0.65,26,0.08,45
1721,598,Itaituba (PA),330.77222568354136,71,24,Illegal,0.29,0.39,0.65,26,0.08,45
1730,599,Altamira (PA),425.1198060765257,43,13,Illegal,0.3,0.37,0.46,25,0.08,18
1741,600,Itaituba (PA),337.50632216865563,71,24,Illegal,0.29,0.39,0.65,26,0.08,45
1751,601,Itaituba (PA),347.2841210860827,71,24,Illegal,0.29,0.39,0.65,26,0.08,45
1761,602,Itaituba (PA),315.20705432868266,71,24,Illegal,0.29,0.39,0.65,26,0.08,45
1771,603,Itaituba (PA),342.00411651551553,71,24,Illegal,0.29,0.39,0.65,26,0.08,45
1780,606,Altamira (PA),415.52182073054905,43,13,Illegal,0.3,0.37,0.46,25,0.08,18
1791,607,Itaituba (PA),303.7765522985312,71,24,Illegal,0.29,0.39,0.65,26,0.08,45
1801,608,Itaituba (PA),336.912123103133,71,24,Illegal,0.29,0.39,0.65,26,0.08,45
1811,610,Itaituba (PA),309.77976330606145,71,24,Illegal,0.29,0.39,0.65,26,0.08,45
1820,611,Altamira (PA),428.99298603872404,43,13,Illegal,0.3,0.37,0.46,25,0.08,18
1831,613,Itaituba (PA),320.1747552032371,71,24,Illegal,0.29,0.39,0.65,26,0.08,45
1841,614,Itaituba (PA),307.1158017483814,71,24,Illegal,0.29,0.39,0.65,26,0.08,45
1851,615,Itaituba (PA),304.70936231982273,71,24,Illegal,0.29,0.39,0.65,26,0.08,45
1861,616,Itaituba (PA),318.46688522722263,71,24,Illegal,0.29,0.39,0.65,26,0.08,45
1871,618,Itaituba (PA),308.42367152963146,71,24,Illegal,0.29,0.39,0.65,26,0.08,45
1881,619,Itaituba (PA),325.4287252001673,71,24,Illegal,0.29,0.39,0.65,26,0.08,45
1891,620,Itaituba (PA),318.8380633993706,71,24,Illegal,0.29,0.39,0.65,26,0.08,45
1901,621,Itaituba (PA),320.60659808322947,71,24,Illegal,0.29,0.39,0.65,26,0.08,45
1910,622,Altamira (PA),444.6393253301485,43,13,Illegal,0.3,0.37,0.46,25,0.08,18
1920,623,Altamira (PA),444.73449934937435,43,13,Illegal,0.3,0.37,0.46,25,0.08,18
1931,625,Itaituba (PA),325.6940845224571,71,24,Illegal,0.29,0.39,0.65,26,0.08,45
1941,626,Itaituba (PA),344.7395112614552,71,24,Illegal,0.29,0.39,0.65,26,0.08,45
1951,627,Itaituba (PA),337.7705003109109,71,24,Illegal,0.29,0.39,0.65,26,0.08,45
1961,630,Itaituba (PA),322.0892250804186,71,24,Illegal,0.29,0.39,0.65,26,0.08,45
1971,632,Itaituba (PA),324.7467805282923,71,24,Illegal,0.29,0.39,0.65,26,0.08,45
1981,634,Itaituba (PA),323.4676206869714,71,24,Illegal,0.29,0.39,0.65,26,0.08,45
1991,635,Itaituba (PA),327.387578177922,71,24,Illegal,0.29,0.39,0.65,26,0.08,45
2001,636,Itaituba (PA),328.7577837130934,71,24,Illegal,0.29,0.39,0.65,26,0.08,45
2011,637,Itaituba (PA),328.7116845934139,71,24,Illegal,0.29,0.39,0.65,26,0.08,45
2021,639,Itaituba (PA),328.01687549341335,71,24,Illegal,0.29,0.39,0.65,26,0.08,45
2031,640,Itaituba (PA),327.5922714292226,71,24,Illegal,0.29,0.39,0.65,26,0.08,45
2041,644,Itaituba (PA),336.1215703445306,71,24,Illegal,0.29,0.39,0.65,26,0.08,45
2051,645,Itaituba (PA),329.20322788517984,71,24,Illegal,0.29,0.39,0.65,26,0.08,45
2061,646,Itaituba (PA),327.39093754268293,71,24,Illegal,0.29,0.39,0.65,26,0.08,45
2071,647,Itaituba (PA),352.6479790644372,71,24,Illegal,0.29,0.39,0.65,26,0.08,45
2081,650,Itaituba (PA),352.51523201831026,71,24,Illegal,0.29,0.39,0.65,26,0.08,45
2091,651,Itaituba (PA),344.9642059031782,71,24,Illegal,0.29,0.39,0.65,26,0.08,45
2101,652,Itaituba (PA),337.38470642809074,71,24,Illegal,0.29,0.39,0.65,26,0.08,45
2111,653,Itaituba (PA),337.89376574031184,71,24,Illegal,0.29,0.39,0.65,26,0.08,45
2121,654,Itaituba (PA),355.32411327178454,71,24,Illegal,0.29,0.39,0.65,26,0.08,45
2131,655,Itaituba (PA),352.34287130966635,71,24,Illegal,0.29,0.39,0.65,26,0.08,45
2141,658,Itaituba (PA),344.27421851549707,71,24,Illegal,0.29,0.39,0.65,26,0.08,45
2151,659,Itaituba (PA),337.1298287412799,71,24,Illegal,0.29,0.39,0.65,26,0.08,45
2161,661,Itaituba (PA),351.3964687593938,71,24,Illegal,0.29,0.39,0.65,26,0.08,45
2171,662,Itaituba (PA),330.8570783554912,71,24,Illegal,0.29,0.39,0.65,26,0.08,45
2181,663,Itaituba (PA),356.10655523959736,71,24,Illegal,0.29,0.39,0.65,26,0.08,45
2191,664,Itaituba (PA),343.37115501603836,71,24,Illegal,0.29,0.39,0.65,26,0.08,45
2201,666,Itaituba (PA),343.27089907791225,71,24,Illegal,0.29,0.39,0.65,26,0.08,45
2211,667,Itaituba (PA),339.92097541922806,71,24,Illegal,0.29,0.39,0.65,26,0.08,45
2221,669,Itaituba (PA),341.3847250947004,71,24,Illegal,0.29,0.39,0.65,26,0.08,45
2231,670,Itaituba (PA),360.64040748905626,71,24,Illegal,0.29,0.39,0.65,26,0.08,45
2241,672,Itaituba (PA),346.8851763781279,71,24,Illegal,0.29,0.39,0.65,26,0.08,45
2251,673,Itaituba (PA),364.50727228656234,71,24,Illegal,0.29,0.39,0.65,26,0.08,45
2261,676,Itaituba (PA),368.01799383706987,71,24,Illegal,0.29,0.39,0.65,26,0.08,45
2271,677,Itaituba (PA),367.5252536461822,71,24,Illegal,0.29,0.39,0.65,26,0.08,45
2281,679,Itaituba (PA),368.34083673333606,71,24,Illegal,0.29,0.39,0.65,26,0.08,45
2291,680,Itaituba (PA),362.90800126616915,71,24,Illegal,0.29,0.39,0.65,26,0.08,45
2300,681,Altamira (PA),487.2504903457344,43,13,Illegal,0.3,0.37,0.46,25,0.08,18
2311,683,Itaituba (PA),372.18012669595055,71,24,Illegal,0.29,0.39,0.65,26,0.08,45
2321,685,Itaituba (PA),355.9888837503618,71,24,Illegal,0.29,0.39,0.65,26,0.08,45
2331,687,Itaituba (PA),367.9558617613309,71,24,Illegal,0.29,0.39,0.65,26,0.08,45
2341,688,Itaituba (PA),362.10201155020815,71,24,Illegal,0.29,0.39,0.65,26,0.08,45
2351,689,Itaituba (PA),369.2189224298711,71,24,Illegal,0.29,0.39,0.65,26,0.08,45
2361,690,Itaituba (PA),375.0723607947934,71,24,Illegal,0.29,0.39,0.65,26,0.08,45
2371,691,Itaituba (PA),372.0914150110891,71,24,Illegal,0.29,0.39,0.65,26,0.08,45
2381,692,Itaituba (PA),367.9957074706166,71,24,Illegal,0.29,0.39,0.65,26,0.08,45
2391,693,Itaituba (PA),371.2380392825614,71,24,Illegal,0.29,0.39,0.65,26,0.08,45
2401,694,Itaituba (PA),364.22435100859826,71,24,Illegal,0.29,0.39,0.65,26,0.08,45
2411,696,Itaituba (PA),374.91216741652363,71,24,Illegal,0.29,0.39,0.65,26,0.08,45
2421,699,Itaituba (PA),369.34203052228725,71,24,Illegal,0.29,0.39,0.65,26,0.08,45
2431,703,Itaituba (PA),378.9100291834163,71,24,Illegal,0.29,0.39,0.65,26,0.08,45
2441,704,Itaituba (PA),364.7321051479918,71,24,Illegal,0.29,0.39,0.65,26,0.08,45
2451,707,Itaituba (PA),375.30196844404117,71,24,Illegal,0.29,0.39,0.65,26,0.08,45
2461,708,Itaituba (PA),371.70507803473964,71,24,Illegal,0.29,0.39,0.65,26,0.08,45
2471,710,Itaituba (PA),381.6599906995039,71,24,Illegal,0.29,0.39,0.65,26,0.08,45
2481,711,Itaituba (PA),383.89773150483364,71,24,Illegal,0.29,0.39,0.65,26,0.08,45
2491,712,Itaituba (PA),376.14690976986043,71,24,Illegal,0.29,0.39,0.65,26,0.08,45
2501,714,Itaituba (PA),383.7941284765796,71,24,Illegal,0.29,0.39,0.65,26,0.08,45
2511,715,Itaituba (PA),387.5254609648054,71,24,Illegal,0.29,0.39,0.65,26,0.08,45
2521,718,Itaituba (PA),394.65878444818213,71,24,Illegal,0.29,0.39,0.65,26,0.08,45
2531,719,Itaituba (PA),389.89766294257964,71,24,Illegal,0.29,0.39,0.65,26,0.08,45
2541,722,Itaituba (PA),400.7369904903968,71,24,Illegal,0.29,0.39,0.65,26,0.08,45
2550,723,Altamira (PA),535.0106306822054,43,13,Illegal,0.3,0.37,0.46,25,0.08,18
2561,724,Itaituba (PA),399.57127463434693,71,24,Illegal,0.29,0.39,0.65,26,0.08,45
2570,725,Altamira (PA),521.9442619080112,43,13,Illegal,0.3,0.37,0.46,25,0.08,18
2581,727,Itaituba (PA),401.5357956241676,71,24,Illegal,0.29,0.39,0.65,26,0.08,45
2591,728,Itaituba (PA),403.1348503493387,71,24,Illegal,0.29,0.39,0.65,26,0.08,45
2600,729,Altamira (PA),521.0127952848514,43,13,Illegal,0.3,0.37,0.46,25,0.08,18
2610,731,Altamira (PA),524.5412525237336,43,13,Illegal,0.3,0.37,0.46,25,0.08,18
2621,734,Itaituba (PA),409.1951261700519,71,24,Illegal,0.29,0.39,0.65,26,0.08,45
2631,735,Itaituba (PA),408.0473609223121,71,24,Illegal,0.29,0.39,0.65,26,0.08,45
2640,737,Altamira (PA),531.100681489972,43,13,Illegal,0.3,0.37,0.46,25,0.08,18
2650,738,Altamira (PA),531.2434725070935,43,13,Illegal,0.3,0.37,0.46,25,0.08,18
2660,740,Altamira (PA),539.1252653543521,43,13,Illegal,0.3,0.37,0.46,25,0.08,18
2671,748,Itaituba (PA),447.4104594212044,71,24,Illegal,0.29,0.39,0.65,26,0.08,45
2680,749,Altamira (PA),557.2280272901043,43,13,Illegal,0.3,0.37,0.46,25,0.08,18
2690,750,Altamira (PA),559.4776309838629,43,13,Illegal,0.3,0.37,0.46,25,0.08,18
2700,751,Altamira (PA),564.0588305856766,43,13,Illegal,0.3,0.37,0.46,25,0.08,18
2713,765,Manaus (AM),618.6284350521412,51,18,Illegal,0.42,0.53,0.85,21,0.12,30
2720,772,Altamira (PA),646.1121641786663,43,13,Illegal,0.3,0.37,0.46,25,0.08,18
2731,789,Itaituba (PA),594.6316156880873,71,24,Illegal,0.29,0.39,0.65,26,0.08,45
2741,801,Itaituba (PA),609.1781795684402,71,24,Illegal,0.29,0.39,0.65,26,0.08,45
2751,806,Itaituba (PA),603.7061694366888,71,24,Illegal,0.29,0.39,0.65,26,0.08,45
2763,809,Manaus (AM),694.5438890409832,51,18,Illegal,0.42,0.53,0.85,21,0.12,30
2773,812,Manaus (AM),691.80290696937,51,18,Illegal,0.42,0.53,0.85,21,0.12,30
2781,845,Itaituba (PA),606.0585461693734,71,24,Illegal,0.29,0.39,0.65,26,0.08,45
2793,875,Manaus (AM),752.660028749747,51,18,Illegal,0.42,0.53,0.85,21,0.12,30
2801,927,Itaituba (PA),683.5004414142146,71,24,Illegal,0.29,0.39,0.65,26,0.08,45
2811,936,Itaituba (PA),706.3215248073612,71,24,Illegal,0.29,0.39,0.65,26,0.08,45
2821,1444,Itaituba (PA),196.56665473809252,71,24,Illegal,0.29,0.39,0.65,26,0.08,45
2831,1445,Itaituba (PA),191.6082211856286,71,24,Illegal,0.29,0.39,0.65,26,0.08,45
2841,1446,Itaituba (PA),199.13854866461128,71,24,Illegal,0.29,0.39,0.65,26,0.08,45
2851,1447,Itaituba (PA),199.26100309105215,71,24,Illegal,0.29,0.39,0.65,26,0.08,45
2861,1448,Itaituba (PA),197.05904217668572,71,24,Illegal,0.29,0.39,0.65,26,0.08,45
2871,1449,Itaituba (PA),200.5371588104567,71,24,Illegal,0.29,0.39,0.65,26,0.08,45
2881,1450,Itaituba (PA),202.53173924112457,71,24,Illegal,0.29,0.39,0.65,26,0.08,45
2891,1451,Itaituba (PA),127.8284412716321,71,24,Illegal,0.29,0.39,0.65,26,0.08,45
2901,1453,Itaituba (PA),209.1782281256512,71,24,Illegal,0.29,0.39,0.65,26,0.08,45
2911,1454,Itaituba (PA),141.11184327996625,71,24,Illegal,0.29,0.39,0.65,26,0.08,45
2921,1455,Itaituba (PA),211.0295476373641,71,24,Illegal,0.29,0.39,0.65,26,0.08,45
2931,1457,Itaituba (PA),222.29787323860276,71,24,Illegal,0.29,0.39,0.65,26,0.08,45
2941,1458,Itaituba (PA),230.5518455978562,71,24,Illegal,0.29,0.39,0.65,26,0.08,45
2951,1459,Itaituba (PA),223.7686824585987,71,24,Illegal,0.29,0.39,0.65,26,0.08,45
2961,1460,Itaituba (PA),155.8400889952455,71,24,Illegal,0.29,0.39,0.65,26,0.08,45
2971,1461,Itaituba (PA),226.81435250120552,71,24,Illegal,0.29,0.39,0.65,26,0.08,45
2981,1462,Itaituba (PA),228.80931426369992,71,24,Illegal,0.29,0.39,0.65,26,0.08,45
2991,1463,Itaituba (PA),155.07487606567295,71,24,Illegal,0.29,0.39,0.65,26,0.08,45
3001,1464,Itaituba (PA),169.5886455871327,71,24,Illegal,0.29,0.39,0.65,26,0.08,45
3011,1465,Itaituba (PA),168.9050460481844,71,24,Illegal,0.29,0.39,0.65,26,0.08,45
3021,1466,Itaituba (PA),169.59316635807306,71,24,Illegal,0.29,0.39,0.65,26,0.08,45
3031,1467,Itaituba (PA),184.12387861273868,71,24,Illegal,0.29,0.39,0.65,26,0.08,45
3041,1468,Itaituba (PA),203.5392009145709,71,24,Illegal,0.29,0.39,0.65,26,0.08,45
3051,1469,Itaituba (PA),206.40009862164428,71,24,Illegal,0.29,0.39,0.65,26,0.08,45
3061,1470,Itaituba (PA),204.12084998290734,71,24,Illegal,0.29,0.39,0.65,26,0.08,45
3071,1471,Itaituba (PA),216.5018321719018,71,24,Illegal,0.29,0.39,0.65,26,0.08,45
3081,1472,Itaituba (PA),294.2447179072446,71,24,Illegal,0.29,0.39,0.65,26,0.08,45
3091,1473,Itaituba (PA),316.526541235789,71,24,Illegal,0.29,0.39,0.65,26,0.08,45
3101,1474,Itaituba (PA),338.825409077721,71,24,Illegal,0.29,0.39,0.65,26,0.08,45
3111,1475,Itaituba (PA),344.6190417373366,71,24,Illegal,0.29,0.39,0.65,26,0.08,45
3121,1476,Itaituba (PA),341.75035070790153,71,24,Illegal,0.29,0.39,0.65,26,0.08,45
3131,1477,Itaituba (PA),335.59203551314835,71,24,Illegal,0.29,0.39,0.65,26,0.08,45
3141,1479,Itaituba (PA),356.1978605006978,71,24,Illegal,0.29,0.39,0.65,26,0.08,45
3151,1480,Itaituba (PA),334.87990648782215,71,24,Illegal,0.29,0.39,0.65,26,0.08,45
3161,1481,Itaituba (PA),357.5582967355225,71,24,Illegal,0.29,0.39,0.65,26,0.08,45
3171,1482,Itaituba (PA),390.0699247563886,71,24,Illegal,0.29,0.39,0.65,26,0.08,45
3184,1483,Maraã (AM),769.9592911036715,48,15,Illegal,0.12,0.12,0.33,6,0.1,42
3194,1484,Maraã (AM),662.674554051723,48,15,Illegal,0.12,0.12,0.33,6,0.1,42
3204,1485,Maraã (AM),656.8355703289891,48,15,Illegal,0.12,0.12,0.33,6,0.1,42
3214,1486,Maraã (AM),653.3087335383104,48,15,Illegal,0.12,0.12,0.33,6,0.1,42
3224,1487,Maraã (AM),664.6903483805353,48,15,Illegal,0.12,0.12,0.33,6,0.1,42
3234,1488,Maraã (AM),654.1024736881445,48,15,Illegal,0.12,0.12,0.33,6,0.1,42
3244,1493,Maraã (AM),608.2421539115377,48,15,Illegal,0.12,0.12,0.33,6,0.1,42
3254,1494,Maraã (AM),604.605133580912,48,15,Illegal,0.12,0.12,0.33,6,0.1,42
3264,1496,Maraã (AM),596.4958684880886,48,15,Illegal,0.12,0.12,0.33,6,0.1,42
3274,1498,Maraã (AM),592.7009459428024,48,15,Illegal,0.12,0.12,0.33,6,0.1,42
3284,1515,Maraã (AM),557.361214492127,48,15,Illegal,0.12,0.12,0.33,6,0.1,42
3294,1516,Maraã (AM),571.2101235604873,48,15,Illegal,0.12,0.12,0.33,6,0.1,42
3304,1520,Maraã (AM),573.0745938618973,48,15,Illegal,0.12,0.12,0.33,6,0.1,42
3314,1522,Maraã (AM),557.3000088692734,48,15,Illegal,0.12,0.12,0.33,6,0.1,42
3324,1524,Maraã (AM),568.9928524424611,48,15,Illegal,0.12,0.12,0.33,6,0.1,42
3334,1525,Maraã (AM),569.7388127917272,48,15,Illegal,0.12,0.12,0.33,6,0.1,42
3344,1526,Maraã (AM),528.535908747321,48,15,Illegal,0.12,0.12,0.33,6,0.1,42
3354,1527,Maraã (AM),526.400893162125,48,15,Illegal,0.12,0.12,0.33,6,0.1,42
3364,1529,Maraã (AM),567.3213786620053,48,15,Illegal,0.12,0.12,0.33,6,0.1,42
3374,1530,Maraã (AM),528.2134995366578,48,15,Illegal,0.12,0.12,0.33,6,0.1,42
3384,1531,Maraã (AM),524.2165043563596,48,15,Illegal,0.12,0.12,0.33,6,0.1,42
3394,1532,Maraã (AM),525.952037933559,48,15,Illegal,0.12,0.12,0.33,6,0.1,42
3404,1533,Maraã (AM),525.9444851857963,48,15,Illegal,0.12,0.12,0.33,6,0.1,42
3414,1535,Maraã (AM),529.2232455517498,48,15,Illegal,0.12,0.12,0.33,6,0.1,42
3424,1537,Maraã (AM),565.4758582202841,48,15,Illegal,0.12,0.12,0.33,6,0.1,42
3434,1538,Maraã (AM),587.5980671737617,48,15,Illegal,0.12,0.12,0.33,6,0.1,42
3444,1539,Maraã (AM),529.8295335642702,48,15,Illegal,0.12,0.12,0.33,6,0.1,42
3454,1541,Maraã (AM),522.8634383946381,48,15,Illegal,0.12,0.12,0.33,6,0.1,42
3461,1587,Itaituba (PA),173.45517022575225,71,24,Illegal,0.29,0.39,0.65,26,0.08,45
3471,1588,Itaituba (PA),339.81867189823066,71,24,Illegal,0.29,0.39,0.65,26,0.08,45
3481,1589,Itaituba (PA),180.82356512597954,71,24,Illegal,0.29,0.39,0.65,26,0.08,45
3493,1607,Manaus (AM),695.6177565203725,51,18,Illegal,0.42,0.53,0.85,21,0.12,30
3504,1609,Maraã (AM),558.0201255125179,48,15,Illegal,0.12,0.12,0.33,6,0.1,42
3514,1610,Maraã (AM),653.8029587416801,48,15,Illegal,0.12,0.12,0.33,6,0.1,42
3524,1611,Maraã (AM),566.8714186744127,48,15,Illegal,0.12,0.12,0.33,6,0.1,42
3531,1650,Itaituba (PA),187.25970221426041,71,24,Illegal,0.29,0.39,0.65,26,0.08,45
3541,1651,Itaituba (PA),230.08183428906642,71,24,Illegal,0.29,0.39,0.65,26,0.08,45
3551,1652,Itaituba (PA),218.7867939235299,71,24,Illegal,0.29,0.39,0.65,26,0.08,45
3561,1653,Itaituba (PA),215.4129318256954,71,24,Illegal,0.29,0.39,0.65,26,0.08,45
3571,1654,Itaituba (PA),192.49938398458875,71,24,Illegal,0.29,0.39,0.65,26,0.08,45
3581,1655,Itaituba (PA),171.31274746824798,71,24,Illegal,0.29,0.39,0.65,26,0.08,45
3594,1656,Maraã (AM),554.9996609127891,48,15,Illegal,0.12,0.12,0.33,6,0.1,42
0,884154,Manaus (AM),624.5015836485899,51,18,Legal,0.42,0.53,0.85,21,0.12,30
1,850136,Itaituba (PA),276.11207833746244,71,24,Legal,0.29,0.39,0.65,26,0.08,45
2,850180,Itaituba (PA),304.4288711364092,71,24,Legal,0.29,0.39,0.65,26,0.08,45
3,851095,Itaituba (PA),181.07536924453368,71,24,Legal,0.29,0.39,0.65,26,0.08,45
4,880223,Tefé (AM),514.9807538291369,47,16,Legal,0.13,0.15,0.3,15,0.05,32
5,886623,Tefé (AM),711.4880739017457,47,16,Legal,0.13,0.15,0.3,15,0.05,32
6,855250,Itaituba (PA),405.8636408894469,71,24,Legal,0.29,0.39,0.65,26,0.08,45
7,851191,Santarém (PA),138.41594943120364,70,20,Legal,0.14,0.23,0.35,25,0.02,45
8,855064,Itaituba (PA),186.54630171683272,71,24,Legal,0.29,0.39,0.65,26,0.08,45
9,880601,Manaus (AM),1070.326323806375,51,18,Legal,0.42,0.53,0.85,21,0.12,30
10,850122,Altamira (PA),361.00595910147007,43,13,Legal,0.3,0.37,0.46,25,0.08,18
11,852490,Itaituba (PA),294.8637819220293,71,24,Legal,0.29,0.39,0.65,26,0.08,45
12,851140,Itaituba (PA),180.21677303752375,71,24,Legal,0.29,0.39,0.65,26,0.08,45
13,880248,Manaus (AM),103.23304239031341,51,18,Legal,0.42,0.53,0.85,21,0.12,30
14,880209,Oriximina (PA),172.25417269304083,71,21,Legal,0.2,0.30,0.47,21,0.09,50
15,852785,Itaituba (PA),314.115210368672,71,24,Legal,0.29,0.39,0.65,26,0.08,45
16,880160,Itaituba (PA),302.7142513533896,71,24,Legal,0.29,0.39,0.65,26,0.08,45
17,884154,Manaus (AM),618.3679664325259,51,18,Legal,0.42,0.53,0.85,21,0.12,30
18,850498,Altamira (PA),164.2654246978281,43,13,Legal,0.3,0.37,0.46,25,0.08,18
19,850970,Itaituba (PA),312.6591099419289,71,24,Legal,0.29,0.39,0.65,26,0.08,45
20,859332,Itaituba (PA),245.63968410235555,71,24,Legal,0.29,0.39,0.65,26,0.08,45
21,880447,Itaituba (PA),134.26397421510543,71,24,Legal,0.29,0.39,0.65,26,0.08,45
22,754302,Itaituba (PA),226.84165722872055,71,24,Legal,0.29,0.39,0.65,26,0.08,45
23,886317,Tefé (AM),692.1654793668366,47,16,Legal,0.13,0.15,0.3,15,0.05,32
24,850379,Itaituba (PA),377.4957125569916,71,24,Legal,0.29,0.39,0.65,26,0.08,45
25,851116,Itaituba (PA),177.5373545332655,71,24,Legal,0.29,0.39,0.65,26,0.08,45
26,851302,Itaituba (PA),381.01227246966414,71,24,Legal,0.29,0.39,0.65,26,0.08,45
27,850466,Itaituba (PA),229.61711699485963,71,24,Legal,0.29,0.39,0.65,26,0.08,45
28,854747,Itaituba (PA),161.76869811184582,71,24,Legal,0.29,0.39,0.65,26,0.08,45
29,886861,Tefé (AM),592.3935517160381,47,16,Legal,0.13,0.15,0.3,15,0.05,32
30,851008,Itaituba (PA),262.8461799923714,71,24,Legal,0.29,0.39,0.65,26,0.08,45
31,850242,Itaituba (PA),60.44935477817777,71,24,Legal,0.29,0.39,0.65,26,0.08,45
32,864098,Altamira (PA),748.4077854881302,43,13,Legal,0.3,0.37,0.46,25,0.08,18
33,850492,Altamira (PA),477.3301256327757,43,13,Legal,0.3,0.37,0.46,25,0.08,18
34,851171,Itaituba (PA),322.6597306384891,71,24,Legal,0.29,0.39,0.65,26,0.08,45
35,853405,Macapá (AP),258.7585895803685,73,25,Legal,0.17,0.24,0.28,42,0.03,31
36,857783,Itaituba (PA),229.85763651791265,71,24,Legal,0.29,0.39,0.65,26,0.08,45
37,415,Tefé (AM),676.7041565642403,47,16,Legal,0.13,0.15,0.3,15,0.05,32
38,850824,Altamira (PA),378.72739166676877,43,13,Legal,0.3,0.37,0.46,25,0.08,18
39,850463,Altamira (PA),522.178261105389,43,13,Legal,0.3,0.37,0.46,25,0.08,18
40,886172,Tefé (AM),981.3335736491749,47,16,Legal,0.13,0.15,0.3,15,0.05,32
41,886047,Tefé (AM),822.8320361458142,47,16,Legal,0.13,0.15,0.3,15,0.05,32
42,864064,Altamira (PA),678.6029063794524,43,13,Legal,0.3,0.37,0.46,25,0.08,18
43,850358,Altamira (PA),301.47408670075316,43,13,Legal,0.3,0.37,0.46,25,0.08,18
44,854600,Itaituba (PA),184.96131247784126,71,24,Legal,0.29,0.39,0.65,26,0.08,45
45,850050,Altamira (PA),555.0543700053981,43,13,Legal,0.3,0.37,0.46,25,0.08,18
46,850972,Itaituba (PA),100.1447807229567,71,24,Legal,0.29,0.39,0.65,26,0.08,45
47,850121,Itaituba (PA),323.7341488346266,71,24,Legal,0.29,0.39,0.65,26,0.08,45
48,754387,Itaituba (PA),195.4257507138673,71,24,Legal,0.29,0.39,0.65,26,0.08,45
49,884050,Manaus (AM),582.7160290776357,51,18,Legal,0.42,0.53,0.85,21,0.12,30
50,864089,Santa Isabel do Rio Negro (AM),484.863993876273,24,16,Legal,0.7,0.51,0.95,16,0.19,8
51,855181,Itaituba (PA),403.08673196673516,71,24,Legal,0.29,0.39,0.65,26,0.08,45
52,851277,Itaituba (PA),306.64628545625084,71,24,Legal,0.29,0.39,0.65,26,0.08,45
53,850039,Itaituba (PA),239.77610243210643,71,24,Legal,0.29,0.39,0.65,26,0.08,45
54,850460,Itaituba (PA),152.06246384815114,71,24,Legal,0.29,0.39,0.65,26,0.08,45
55,850685,Itaituba (PA),215.51472280560117,71,24,Legal,0.29,0.39,0.65,26,0.08,45
56,880090,Tefé (AM),665.097474402314,47,16,Legal,0.13,0.15,0.3,15,0.05,32
57,850547,Itaituba (PA),173.22036289371832,71,24,Legal,0.29,0.39,0.65,26,0.08,45
58,886086,Tefé (AM),1001.9245257541343,47,16,Legal,0.13,0.15,0.3,15,0.05,32
59,850387,Oriximina (PA),59.749528163883504,71,21,Legal,0.2,0.30,0.47,21,0.09,50
60,755722,Itaituba (PA),246.40808792166396,71,24,Legal,0.29,0.39,0.65,26,0.08,45
61,857229,Itaituba (PA),237.3746258146209,71,24,Legal,0.29,0.39,0.65,26,0.08,45
62,880014,Tefé (AM),646.145488684167,47,16,Legal,0.13,0.15,0.3,15,0.05,32
63,850506,Itaituba (PA),307.2588502359357,71,24,Legal,0.29,0.39,0.65,26,0.08,45
64,864158,Santa Isabel do Rio Negro (AM),561.0557065559141,24,16,Legal,0.7,0.51,0.95,16,0.19,8
65,864062,Santa Isabel do Rio Negro (AM),598.5745790088298,24,16,Legal,0.7,0.51,0.95,16,0.19,8
66,880710,Itaituba (PA),1104.191166870362,71,24,Legal,0.29,0.39,0.65,26,0.08,45
67,850000,Altamira (PA),331.8728530298262,43,13,Legal,0.3,0.37,0.46,25,0.08,18
68,880028,Manaus (AM),231.2420563018945,51,18,Legal,0.42,0.53,0.85,21,0.12,30
69,854933,Itaituba (PA),228.0209372775728,71,24,Legal,0.29,0.39,0.65,26,0.08,45
70,850420,Itaituba (PA),364.3430300244724,71,24,Legal,0.29,0.39,0.65,26,0.08,45
71,650414,Altamira (PA),344.13034432738056,43,13,Legal,0.3,0.37,0.46,25,0.08,18
72,886520,Tefé (AM),690.360540898167,47,16,Legal,0.13,0.15,0.3,15,0.05,32
73,755433,Itaituba (PA),243.42147340983516,71,24,Legal,0.29,0.39,0.65,26,0.08,45
74,850615,Itaituba (PA),299.4350545434871,71,24,Legal,0.29,0.39,0.65,26,0.08,45
75,886210,Tefé (AM),606.3643597798924,47,16,Legal,0.13,0.15,0.3,15,0.05,32
76,866431,Manaus (AM),786.5501294819361,51,18,Legal,0.42,0.53,0.85,21,0.12,30
77,850890,Itaituba (PA),128.66090137522826,71,24,Legal,0.29,0.39,0.65,26,0.08,45
78,880031,Manaus (AM),565.7610900052774,51,18,Legal,0.42,0.53,0.85,21,0.12,30
79,850851,Altamira (PA),371.71627917857387,43,13,Legal,0.3,0.37,0.46,25,0.08,18
80,806063,Altamira (PA),672.1917341177368,43,13,Legal,0.3,0.37,0.46,25,0.08,18
81,850818,Altamira (PA),684.7134605173649,43,13,Legal,0.3,0.37,0.46,25,0.08,18
82,851572,Itaituba (PA),287.5666527534845,71,24,Legal,0.29,0.39,0.65,26,0.08,45
83,850066,Itaituba (PA),338.8001389291309,71,24,Legal,0.29,0.39,0.65,26,0.08,45
84,850344,Altamira (PA),502.6269916399532,43,13,Legal,0.3,0.37,0.46,25,0.08,18
85,880024,Maraã (AM),215.3920156302586,48,15,Legal,0.12,0.12,0.33,6,0.1,42
86,850260,Altamira (PA),317.1246978642163,43,13,Legal,0.3,0.37,0.46,25,0.08,18
87,850078,Itaituba (PA),349.6565119409683,71,24,Legal,0.29,0.39,0.65,26,0.08,45
88,851155,Oriximina (PA),107.2741341956085,71,21,Legal,0.2,0.30,0.47,21,0.09,50
89,851060,Itaituba (PA),321.16822761146824,71,24,Legal,0.29,0.39,0.65,26,0.08,45
90,886223,Tefé (AM),643.7086753553496,47,16,Legal,0.13,0.15,0.3,15,0.05,32
91,850020,Altamira (PA),414.7227185026032,43,13,Legal,0.3,0.37,0.46,25,0.08,18
92,886086,Tefé (AM),804.1626359138608,47,16,Legal,0.13,0.15,0.3,15,0.05,32
93,851019,Altamira (PA),562.0275476874083,43,13,Legal,0.3,0.37,0.46,25,0.08,18
94,850895,Itaituba (PA),300.3365060087877,71,24,Legal,0.29,0.39,0.65,26,0.08,45
95,880028,Maraã (AM),241.376491683682,48,15,Legal,0.12,0.12,0.33,6,0.1,42
96,886675,Tefé (AM),619.2113342835949,47,16,Legal,0.13,0.15,0.3,15,0.05,32
97,850267,Itaituba (PA),289.64277334244343,71,24,Legal,0.29,0.39,0.65,26,0.08,45
98,850254,Altamira (PA),539.1085478972361,43,13,Legal,0.3,0.37,0.46,25,0.08,18
99,886301,Manaus (AM),940.1644977974572,51,18,Legal,0.42,0.53,0.85,21,0.12,30
100,850353,Itaituba (PA),203.78380037695914,71,24,Legal,0.29,0.39,0.65,26,0.08,45
101,850592,Itaituba (PA),323.6383922086454,71,24,Legal,0.29,0.39,0.65,26,0.08,45
102,864472,Santa Isabel do Rio Negro (AM),392.5816248645758,24,16,Legal,0.7,0.51,0.95,16,0.19,8
103,650169,Itaituba (PA),191.09339714993803,71,24,Legal,0.29,0.39,0.65,26,0.08,45
104,753654,Itaituba (PA),243.24761593553836,71,24,Legal,0.29,0.39,0.65,26,0.08,45
105,864911,Santa Isabel do Rio Negro (AM),735.2444146454652,24,16,Legal,0.7,0.51,0.95,16,0.19,8
106,880094,Manaus (AM),206.971973050157,51,18,Legal,0.42,0.53,0.85,21,0.12,30
107,850434,Itaituba (PA),195.26484876534334,71,24,Legal,0.29,0.39,0.65,26,0.08,45
108,750420,Itaituba (PA),310.4319155937429,71,24,Legal,0.29,0.39,0.65,26,0.08,45
109,880037,Manaus (AM),246.59975109315533,51,18,Legal,0.42,0.53,0.85,21,0.12,30
110,850806,Altamira (PA),394.9176727186571,43,13,Legal,0.3,0.37,0.46,25,0.08,18
111,886206,Tefé (AM),588.0574612079927,47,16,Legal,0.13,0.15,0.3,15,0.05,32
112,850639,Oriximina (PA),66.5774823222722,71,21,Legal,0.2,0.30,0.47,21,0.09,50
113,886121,Tefé (AM),651.2965073899957,47,16,Legal,0.13,0.15,0.3,15,0.05,32
114,880553,Manaus (AM),214.9909987850502,51,18,Legal,0.42,0.53,0.85,21,0.12,30
115,802195,Itaituba (PA),88.73155511485373,71,24,Legal,0.29,0.39,0.65,26,0.08,45
116,880257,Maraã (AM),242.42502114675358,48,15,Legal,0.12,0.12,0.33,6,0.1,42
117,886206,Tefé (AM),588.2653393151936,47,16,Legal,0.13,0.15,0.3,15,0.05,32
118,880200,Maraã (AM),441.90801512825107,48,15,Legal,0.12,0.12,0.33,6,0.1,42
119,886212,Tefé (AM),970.2051171103748,47,16,Legal,0.13,0.15,0.3,15,0.05,32
120,880247,Manaus (AM),365.0016564911712,51,18,Legal,0.42,0.53,0.85,21,0.12,30
121,880033,Manaus (AM),608.4576113213927,51,18,Legal,0.42,0.53,0.85,21,0.12,30
122,653979,Itaituba (PA),198.52724348619628,71,24,Legal,0.29,0.39,0.65,26,0.08,45
123,850068,Altamira (PA),398.148624508833,43,13,Legal,0.3,0.37,0.46,25,0.08,18
124,850951,Itaituba (PA),294.5351743448347,71,24,Legal,0.29,0.39,0.65,26,0.08,45
125,886097,Manaus (AM),957.3858423258931,51,18,Legal,0.42,0.53,0.85,21,0.12,30
126,856054,Itaituba (PA),208.27788217591754,71,24,Legal,0.29,0.39,0.65,26,0.08,45
127,851109,Itaituba (PA),212.70015504231912,71,24,Legal,0.29,0.39,0.65,26,0.08,45
128,753250,Itaituba (PA),237.93086170074278,71,24,Legal,0.29,0.39,0.65,26,0.08,45
129,850763,Itaituba (PA),299.1399247307255,71,24,Legal,0.29,0.39,0.65,26,0.08,45
130,852678,Itaituba (PA),254.0843587038791,71,24,Legal,0.29,0.39,0.65,26,0.08,45
131,884091,Maraã (AM),730.5264240984641,48,15,Legal,0.12,0.12,0.33,6,0.1,42
132,851932,Itaituba (PA),368.9290911041489,71,24,Legal,0.29,0.39,0.65,26,0.08,45
133,859460,Itaituba (PA),308.0453128475964,71,24,Legal,0.29,0.39,0.65,26,0.08,45
134,859453,Itaituba (PA),379.158170626369,71,24,Legal,0.29,0.39,0.65,26,0.08,45
135,806425,Altamira (PA),583.1101108869997,43,13,Legal,0.3,0.37,0.46,25,0.08,18
136,850916,Altamira (PA),30.32493936913984,43,13,Legal,0.3,0.37,0.46,25,0.08,18
137,886320,Tefé (AM),664.9333296885341,47,16,Legal,0.13,0.15,0.3,15,0.05,32
138,886825,Tefé (AM),642.0770075857636,47,16,Legal,0.13,0.15,0.3,15,0.05,32
139,758375,Itaituba (PA),337.07376399139093,71,24,Legal,0.29,0.39,0.65,26,0.08,45
140,864037,Santa Isabel do Rio Negro (AM),639.8316814406335,24,16,Legal,0.7,0.51,0.95,16,0.19,8
141,886203,Tefé (AM),789.0339472905957,47,16,Legal,0.13,0.15,0.3,15,0.05,32
142,851114,Itaituba (PA),178.1019536987413,71,24,Legal,0.29,0.39,0.65,26,0.08,45
143,850959,Itaituba (PA),90.17692948399176,71,24,Legal,0.29,0.39,0.65,26,0.08,45
144,853381,Santarém (PA),261.5867154329076,70,20,Legal,0.14,0.23,0.35,25,0.02,45
145,850334,Altamira (PA),411.25054819907484,43,13,Legal,0.3,0.37,0.46,25,0.08,18
146,855777,Altamira (PA),291.3660088804988,43,13,Legal,0.3,0.37,0.46,25,0.08,18
147,859951,Itaituba (PA),278.7660653020124,71,24,Legal,0.29,0.39,0.65,26,0.08,45
148,864445,Santa Isabel do Rio Negro (AM),436.4068288245848,24,16,Legal,0.7,0.51,0.95,16,0.19,8
149,886032,Tefé (AM),605.7852862936968,47,16,Legal,0.13,0.15,0.3,15,0.05,32
150,300256,Santa Isabel do Rio Negro (AM),486.33099199315035,24,16,Legal,0.7,0.51,0.95,16,0.19,8
151,880130,Manaus (AM),228.60487800417988,51,18,Legal,0.42,0.53,0.85,21,0.12,30
152,880152,Tefé (AM),456.72837354759326,47,16,Legal,0.13,0.15,0.3,15,0.05,32
153,850182,Altamira (PA),481.6840078778952,43,13,Legal,0.3,0.37,0.46,25,0.08,18
154,886007,Tefé (AM),828.5052787934602,47,16,Legal,0.13,0.15,0.3,15,0.05,32
155,855484,Itaituba (PA),318.3984170949482,71,24,Legal,0.29,0.39,0.65,26,0.08,45
156,864622,Santa Isabel do Rio Negro (AM),319.08406478003207,24,16,Legal,0.7,0.51,0.95,16,0.19,8
157,850784,Itaituba (PA),451.83128587552227,71,24,Legal,0.29,0.39,0.65,26,0.08,45
158,850368,Itaituba (PA),221.0267080155425,71,24,Legal,0.29,0.39,0.65,26,0.08,45
159,850990,Itaituba (PA),34.21130648158237,71,24,Legal,0.29,0.39,0.65,26,0.08,45
160,864016,Santa Isabel do Rio Negro (AM),503.06152113226074,24,16,Legal,0.7,0.51,0.95,16,0.19,8
161,880084,Manaus (AM),424.74688874503966,51,18,Legal,0.42,0.53,0.85,21,0.12,30
162,651905,Itaituba (PA),203.54808317443363,71,24,Legal,0.29,0.39,0.65,26,0.08,45
163,886097,Tefé (AM),706.8902080261207,47,16,Legal,0.13,0.15,0.3,15,0.05,32
164,880187,Maraã (AM),421.0984047407321,48,15,Legal,0.12,0.12,0.33,6,0.1,42
165,806119,Altamira (PA),745.6350828477663,43,13,Legal,0.3,0.37,0.46,25,0.08,18
166,886239,Tefé (AM),769.4665752928404,47,16,Legal,0.13,0.15,0.3,15,0.05,32
167,886021,Tefé (AM),696.1696032076884,47,16,Legal,0.13,0.15,0.3,15,0.05,32
168,864105,Santa Isabel do Rio Negro (AM),435.00112511839353,24,16,Legal,0.7,0.51,0.95,16,0.19,8
169,880154,Manaus (AM),364.5136029419168,51,18,Legal,0.42,0.53,0.85,21,0.12,30
170,880085,Manaus (AM),157.8084694942147,51,18,Legal,0.42,0.53,0.85,21,0.12,30
171,886225,Itaituba (PA),1106.3787448084734,71,24,Legal,0.29,0.39,0.65,26,0.08,45
172,884111,Maraã (AM),745.2545826110452,48,15,Legal,0.12,0.12,0.33,6,0.1,42
173,880118,Tefé (AM),510.5504702202832,47,16,Legal,0.13,0.15,0.3,15,0.05,32
174,853888,Itaituba (PA),275.44940148208656,71,24,Legal,0.29,0.39,0.65,26,0.08,45
175,880045,Itaituba (PA),335.68351010673325,71,24,Legal,0.29,0.39,0.65,26,0.08,45
176,886353,Tefé (AM),641.2364099046385,47,16,Legal,0.13,0.15,0.3,15,0.05,32
177,850396,Altamira (PA),91.07779648019084,43,13,Legal,0.3,0.37,0.46,25,0.08,18
178,864190,Altamira (PA),633.0671847365669,43,13,Legal,0.3,0.37,0.46,25,0.08,18
179,864023,Santa Isabel do Rio Negro (AM),510.8666876515824,24,16,Legal,0.7,0.51,0.95,16,0.19,8
180,864069,Altamira (PA),659.4481377662864,43,13,Legal,0.3,0.37,0.46,25,0.08,18
181,880099,Manaus (AM),175.63160407941373,51,18,Legal,0.42,0.53,0.85,21,0.12,30
182,880306,Tefé (AM),645.2231595791598,47,16,Legal,0.13,0.15,0.3,15,0.05,32
183,850232,Altamira (PA),445.666408018528,43,13,Legal,0.3,0.37,0.46,25,0.08,18
184,886159,Tefé (AM),659.1683048861461,47,16,Legal,0.13,0.15,0.3,15,0.05,32
185,880010,Tefé (AM),292.43496993373896,47,16,Legal,0.13,0.15,0.3,15,0.05,32
186,650074,Itaituba (PA),202.86319081283125,71,24,Legal,0.29,0.39,0.65,26,0.08,45
187,886259,Tefé (AM),716.6933550456675,47,16,Legal,0.13,0.15,0.3,15,0.05,32
188,886376,Tefé (AM),688.0773419842175,47,16,Legal,0.13,0.15,0.3,15,0.05,32
189,860854,Santa Isabel do Rio Negro (AM),357.626250562987,24,16,Legal,0.7,0.51,0.95,16,0.19,8
190,850349,Itaituba (PA),222.72448549579232,71,24,Legal,0.29,0.39,0.65,26,0.08,45
191,884031,Maraã (AM),769.6735229117731,48,15,Legal,0.12,0.12,0.33,6,0.1,42
192,880393,Manaus (AM),206.53664109016327,51,18,Legal,0.42,0.53,0.85,21,0.12,30
193,886190,Tefé (AM),615.4337571562488,47,16,Legal,0.13,0.15,0.3,15,0.05,32
194,850453,Altamira (PA),632.9280875439791,43,13,Legal,0.3,0.37,0.46,25,0.08,18
195,884018,Maraã (AM),749.9425241884641,48,15,Legal,0.12,0.12,0.33,6,0.1,42
196,850052,Altamira (PA),664.1592212990954,43,13,Legal,0.3,0.37,0.46,25,0.08,18
197,853045,Itaituba (PA),330.74394123651604,71,24,Legal,0.29,0.39,0.65,26,0.08,45
198,886114,Tefé (AM),861.5101443697446,47,16,Legal,0.13,0.15,0.3,15,0.05,32
199,880413,Manaus (AM),253.58727261517836,51,18,Legal,0.42,0.53,0.85,21,0.12,30
200,851154,Itaituba (PA),180.70434170199675,71,24,Legal,0.29,0.39,0.65,26,0.08,45
201,864271,Santa Isabel do Rio Negro (AM),345.03516294732333,24,16,Legal,0.7,0.51,0.95,16,0.19,8
202,853866,Itaituba (PA),275.34210722355607,71,24,Legal,0.29,0.39,0.65,26,0.08,45
203,880010,Manaus (AM),444.65994864501977,51,18,Legal,0.42,0.53,0.85,21,0.12,30
204,864170,Altamira (PA),632.5257758659475,43,13,Legal,0.3,0.37,0.46,25,0.08,18
205,884121,Maraã (AM),699.4643948045817,48,15,Legal,0.12,0.12,0.33,6,0.1,42
206,850442,Itaituba (PA),224.27861079185598,71,24,Legal,0.29,0.39,0.65,26,0.08,45
207,806221,Altamira (PA),719.2376684087859,43,13,Legal,0.3,0.37,0.46,25,0.08,18
208,886177,Tefé (AM),600.2618354144757,47,16,Legal,0.13,0.15,0.3,15,0.05,32
209,886044,Tefé (AM),961.7786297580541,47,16,Legal,0.13,0.15,0.3,15,0.05,32
210,650315,Itaituba (PA),237.5928406258158,71,24,Legal,0.29,0.39,0.65,26,0.08,45
211,851650,Itaituba (PA),301.15704526897235,71,24,Legal,0.29,0.39,0.65,26,0.08,45
212,850522,Santarém (PA),153.17273542283047,70,20,Legal,0.14,0.23,0.35,25,0.02,45
213,856073,Itaituba (PA),205.82263099032897,71,24,Legal,0.29,0.39,0.65,26,0.08,45
214,852748,Itaituba (PA),313.47057972061094,71,24,Legal,0.29,0.39,0.65,26,0.08,45
215,880082,Tefé (AM),423.85905854870816,47,16,Legal,0.13,0.15,0.3,15,0.05,32
216,300245,Itaituba (PA),194.8483730950936,71,24,Legal,0.29,0.39,0.65,26,0.08,45
217,850245,Itaituba (PA),92.77460215444063,71,24,Legal,0.29,0.39,0.65,26,0.08,45
218,850640,Altamira (PA),328.3776630313551,43,13,Legal,0.3,0.37,0.46,25,0.08,18
219,850114,Altamira (PA),467.72221641849274,43,13,Legal,0.3,0.37,0.46,25,0.08,18
220,851950,Itaituba (PA),373.0467037267989,71,24,Legal,0.29,0.39,0.65,26,0.08,45
221,751555,Itaituba (PA),379.6030848973708,71,24,Legal,0.29,0.39,0.65,26,0.08,45
222,850067,Altamira (PA),52.27791020237067,43,13,Legal,0.3,0.37,0.46,25,0.08,18
223,850702,Altamira (PA),578.9510885554903,43,13,Legal,0.3,0.37,0.46,25,0.08,18
224,851413,Itaituba (PA),305.9879339201702,71,24,Legal,0.29,0.39,0.65,26,0.08,45
225,850754,Itaituba (PA),295.9972657609913,71,24,Legal,0.29,0.39,0.65,26,0.08,45
226,884079,Manaus (AM),566.0844267665659,51,18,Legal,0.42,0.53,0.85,21,0.12,30
227,850253,Itaituba (PA),214.7351253727014,71,24,Legal,0.29,0.39,0.65,26,0.08,45
228,857770,Itaituba (PA),223.14227455789478,71,24,Legal,0.29,0.39,0.65,26,0.08,45
229,884090,Maraã (AM),742.6390158310203,48,15,Legal,0.12,0.12,0.33,6,0.1,42
230,850518,Altamira (PA),205.6982154169763,43,13,Legal,0.3,0.37,0.46,25,0.08,18
231,886466,Tefé (AM),642.9499392657062,47,16,Legal,0.13,0.15,0.3,15,0.05,32
232,850389,Altamira (PA),10.164598794822066,43,13,Legal,0.3,0.37,0.46,25,0.08,18
233,852123,Itaituba (PA),292.1697272281351,71,24,Legal,0.29,0.39,0.65,26,0.08,45
234,884109,Maraã (AM),695.370592305339,48,15,Legal,0.12,0.12,0.33,6,0.1,42
235,880034,Maraã (AM),75.68044336375154,48,15,Legal,0.12,0.12,0.33,6,0.1,42
236,886377,Tefé (AM),689.5682040916016,47,16,Legal,0.13,0.15,0.3,15,0.05,32
237,886138,Tefé (AM),954.868144474049,47,16,Legal,0.13,0.15,0.3,15,0.05,32
238,880028,Maraã (AM),547.5761977634875,48,15,Legal,0.12,0.12,0.33,6,0.1,42
239,851446,Altamira (PA),107.69127892111511,43,13,Legal,0.3,0.37,0.46,25,0.08,18
240,850914,Altamira (PA),585.5819396006124,43,13,Legal,0.3,0.37,0.46,25,0.08,18
241,855174,Itaituba (PA),192.79208315387032,71,24,Legal,0.29,0.39,0.65,26,0.08,45
242,850870,Itaituba (PA),198.9409883235824,71,24,Legal,0.29,0.39,0.65,26,0.08,45
243,884146,Manaus (AM),654.1698044293639,51,18,Legal,0.42,0.53,0.85,21,0.12,30
244,864242,Santa Isabel do Rio Negro (AM),455.5495804901084,24,16,Legal,0.7,0.51,0.95,16,0.19,8
245,851362,Itaituba (PA),240.38082158612886,71,24,Legal,0.29,0.39,0.65,26,0.08,45
246,880318,Tefé (AM),766.1626373840165,47,16,Legal,0.13,0.15,0.3,15,0.05,32
247,852199,Itaituba (PA),291.89743902337835,71,24,Legal,0.29,0.39,0.65,26,0.08,45
248,850372,Itaituba (PA),221.2100574886051,71,24,Legal,0.29,0.39,0.65,26,0.08,45
249,864105,Santa Isabel do Rio Negro (AM),659.8165482028373,24,16,Legal,0.7,0.51,0.95,16,0.19,8
250,852135,Itaituba (PA),177.18313196141537,71,24,Legal,0.29,0.39,0.65,26,0.08,45
251,850797,Itaituba (PA),350.54879524780256,71,24,Legal,0.29,0.39,0.65,26,0.08,45
252,653906,Itaituba (PA),194.66769974214793,71,24,Legal,0.29,0.39,0.65,26,0.08,45
253,806053,Altamira (PA),644.8035559977268,43,13,Legal,0.3,0.37,0.46,25,0.08,18
254,850153,Altamira (PA),118.13891173231907,43,13,Legal,0.3,0.37,0.46,25,0.08,18
255,880013,Maraã (AM),47.59118355141019,48,15,Legal,0.12,0.12,0.33,6,0.1,42
256,864286,Santa Isabel do Rio Negro (AM),379.0186572577308,24,16,Legal,0.7,0.51,0.95,16,0.19,8
257,650121,Itaituba (PA),188.42543607627132,71,24,Legal,0.29,0.39,0.65,26,0.08,45
258,859644,Itaituba (PA),390.50936436619327,71,24,Legal,0.29,0.39,0.65,26,0.08,45
259,859411,Oriximina (PA),182.65293119659128,71,21,Legal,0.2,0.30,0.47,21,0.09,50
260,850533,Altamira (PA),643.6693927828051,43,13,Legal,0.3,0.37,0.46,25,0.08,18
261,886213,Tefé (AM),758.2516246169054,47,16,Legal,0.13,0.15,0.3,15,0.05,32
262,886128,Manaus (AM),733.1975735202333,51,18,Legal,0.42,0.53,0.85,21,0.12,30
263,850739,Itaituba (PA),328.7713018935161,71,24,Legal,0.29,0.39,0.65,26,0.08,45
264,850632,Santarém (PA),6.750405452130214,70,20,Legal,0.14,0.23,0.35,25,0.02,45
265,886014,Manaus (AM),949.1232465999738,51,18,Legal,0.42,0.53,0.85,21,0.12,30
266,852695,Itaituba (PA),370.3937743027708,71,24,Legal,0.29,0.39,0.65,26,0.08,45
267,886133,Tefé (AM),997.2033874647516,47,16,Legal,0.13,0.15,0.3,15,0.05,32
268,850358,Itaituba (PA),324.51036056940455,71,24,Legal,0.29,0.39,0.65,26,0.08,45
269,850272,Altamira (PA),421.3550252634019,43,13,Legal,0.3,0.37,0.46,25,0.08,18
270,850827,Itaituba (PA),298.1785218996763,71,24,Legal,0.29,0.39,0.65,26,0.08,45
271,884072,Manaus (AM),462.5780509991924,51,18,Legal,0.42,0.53,0.85,21,0.12,30
272,853301,Macapá (AP),268.04097997616407,73,25,Legal,0.17,0.24,0.28,42,0.03,31
273,851247,Altamira (PA),124.2254191445329,43,13,Legal,0.3,0.37,0.46,25,0.08,18
274,850132,Santarém (PA),159.05910059079005,70,20,Legal,0.14,0.23,0.35,25,0.02,45
275,858048,Macapá (AP),182.07414260010967,73,25,Legal,0.17,0.24,0.28,42,0.03,31
276,880397,Manaus (AM),35.22962740786753,51,18,Legal,0.42,0.53,0.85,21,0.12,30
277,850579,Macapá (AP),224.0992343761305,73,25,Legal,0.17,0.24,0.28,42,0.03,31
278,886265,Tefé (AM),750.2839113460944,47,16,Legal,0.13,0.15,0.3,15,0.05,32
279,753184,Itaituba (PA),239.322300790208,71,24,Legal,0.29,0.39,0.65,26,0.08,45
280,852598,Itaituba (PA),162.70316089867075,71,24,Legal,0.29,0.39,0.65,26,0.08,45
281,851890,Itaituba (PA),368.91648067101113,71,24,Legal,0.29,0.39,0.65,26,0.08,45
282,884091,Maraã (AM),742.9440587898229,48,15,Legal,0.12,0.12,0.33,6,0.1,42
283,850080,Altamira (PA),397.89635339734633,43,13,Legal,0.3,0.37,0.46,25,0.08,18
284,884010,Maraã (AM),699.7297932841134,48,15,Legal,0.12,0.12,0.33,6,0.1,42
285,753996,Itaituba (PA),247.69739926464513,71,24,Legal,0.29,0.39,0.65,26,0.08,45
286,850006,Altamira (PA),311.3074907337231,43,13,Legal,0.3,0.37,0.46,25,0.08,18
287,884071,Manaus (AM),608.9659161963458,51,18,Legal,0.42,0.53,0.85,21,0.12,30
288,850326,Altamira (PA),209.04850691623838,43,13,Legal,0.3,0.37,0.46,25,0.08,18
289,850347,Itaituba (PA),359.37394538037665,71,24,Legal,0.29,0.39,0.65,26,0.08,45
290,886566,Tefé (AM),669.0559965156299,47,16,Legal,0.13,0.15,0.3,15,0.05,32
291,851166,Oriximina (PA),78.79981009278268,71,21,Legal,0.2,0.30,0.47,21,0.09,50
292,880152,Manaus (AM),392.9203223446332,51,18,Legal,0.42,0.53,0.85,21,0.12,30
293,851087,Itaituba (PA),210.81798588220894,71,24,Legal,0.29,0.39,0.65,26,0.08,45
294,886188,Tefé (AM),669.9779270905557,47,16,Legal,0.13,0.15,0.3,15,0.05,32
295,886293,Manaus (AM),980.5903455026386,51,18,Legal,0.42,0.53,0.85,21,0.12,30
296,855127,Itaituba (PA),352.3553471019164,71,24,Legal,0.29,0.39,0.65,26,0.08,45
297,886149,Tefé (AM),711.4414151634344,47,16,Legal,0.13,0.15,0.3,15,0.05,32
298,850879,Itaituba (PA),317.56737255344945,71,24,Legal,0.29,0.39,0.65,26,0.08,45
299,880048,Manaus (AM),339.75487103451735,51,18,Legal,0.42,0.53,0.85,21,0.12,30
